{
  "parent": "server_achievements:root",
  "rewards": {
    "experience": 100
  },
  "display": {
    "icon": {
      "item": "minecraft:shield"
    },
    "title": {
      "text": "呕吼，完蛋！",
      "color": "dark_purple"
    },
    "description": "盾牌爆了！",
    "frame": "task",
    "show_toast": true,
    "announce_to_chat": true,
    "hidden": false
  },
  "criteria": {
    "shield_destroyed": {  // 更具描述性的名称
      "trigger": "minecraft:item_durability_changed",
      "conditions": {
        "item": {
          "item": "minecraft:shield"
        },
        "delta": -1,  // 每次盾牌受损都会触发，但我们通过其他方式确认是否完全损坏
        "nbt": "{Damage:335}"  // 确认盾牌已经达到了最大损伤值（因为 Damage 是从0开始计算）
      }
    }
  }
}