{
    "parent":"server_achievements:root",
    "rewards":{
        "experience":100
      },
    "display":{
        "icon":{
            "item":"smc:ice_tea"
        },
        "title":{
            "text":"What can I say?",
            "color":"dark_purple"
        },
        "description":"man!",
        "frame":"task",
        "show_toast":true,
        "announce_to_chat":true,
        "hidden":false 

    },
    "criteria":{
        "get_tea":{
            "trigger":"minecraft:inventory_changed",
            "conditions":{
                "items":[
                    {
                        "items":[
                            "smc:ice_tea"
                        ]
                    }
                ]

            }
        }
    }
}