{
  "trades": [
    {
      "type": "goblintraders:basic",
      "offer_item": {
        "item": "minecraft:sugar",
        "nbt": "{display:{Name:'{\"text\":\"§5Drakonioum Dust\"}'}, Enchantments:[{id:\"minecraft:vanishing_curse\", lvl:1}], 'quark:RuneAttached':1, 'quark:RuneColor':{Count:1, id:\"quark:purple_rune\"}}",
        "count": 1
      },
      "payment_item": {
        "item": "minecraft:redstone",
        "count": 1
      },
      "price_multiplier": 0.0,
      "max_trades": 30,
      "experience": 20
    },
    {
      "type": "goblintraders:basic",
      "offer_item": {
        "item": "minecraft:iron_ingot",
        "nbt": "{display:{Name:'{\"text\":\"§5Drakonioum Ingot\"}'}, Enchantments:[{id:\"minecraft:vanishing_curse\", lvl:1}], 'quark:RuneAttached':1, 'quark:RuneColor':{Count:1, id:\"quark:purple_rune\"}}",
        "count": 1
      },
      "payment_item": {
        "item": "minecraft:iron_ingot",
        "count": 1
      },
      "price_multiplier": 0.0,
      "max_trades": 30,
      "experience": 20
    },
    {
      "type": "goblintraders:basic",
      "offer_item": {
        "item": "minecraft:chest",
        "nbt": "{display:{Name:'{\"text\":\"§5Drakonioum Chest\"}'}, Enchantments:[{id:\"minecraft:vanishing_curse\", lvl:1}], 'quark:RuneAttached':1, 'quark:RuneColor':{Count:1, id:\"quark:purple_rune\"}}",
        "count": 1
      },
      "payment_item": {
        "item": "minecraft:chest",
        "count": 1
      },
      "price_multiplier": 0.0,
      "max_trades": 30,
      "experience": 20
    },
    {
      "type": "goblintraders:basic",
      "offer_item": {
        "item": "minecraft:obsidian",
        "nbt": "{display:{Name:'{\"text\":\"§6Drakonioum Infused Obsidian\"}'}, Enchantments:[{id:\"minecraft:vanishing_curse\", lvl:1}], 'quark:RuneAttached':1, 'quark:RuneColor':{Count:1, id:\"quark:orange_rune\"}}",
        "count": 1
      },
      "payment_item": {
        "item": "minecraft:crying_obsidian",
        "count": 1
      },
      "price_multiplier": 0.0,
      "max_trades": 15,
      "experience": 40
    },
	{
		"type": "goblintraders:basic",
        "offer_item": {
          "item": "rainbow:superblock",
          "count": 1
        },
        "payment_item": {
          "item": "minecraft:emerald_block",
          "count": 4
        },
        "price_multiplier": 0.0,
        "max_trades": 3,
        "experience": 160
	}
  ]
}