{
    "trades": [
      {
        "type": "goblintraders:basic",
        "offer_item": {
          "item": "minecraft:emerald",
          "nbt": "{display:{Name:'{\"text\":\"§6Drakonik Energy Relay Krystal\"}'}, Enchantments:[{id:\"minecraft:vanishing_curse\", lvl:1}], 'quark:RuneAttached':1, 'quark:RuneColor':{Count:1, id:\"quark:orange_rune\"}}",
          "count": 1
        },
        "payment_item": {
          "item": "minecraft:baked_potato",
          "count": 1
        },
        "price_multiplier": 0.0,
        "max_trades": 6,
        "experience": 80
      },
      {
        "type": "goblintraders:basic",
        "offer_item": {
          "item": "minecraft:glowstone_dust",
          "nbt": "{display:{Name:'{\"text\":\"§6Awakened Drakonioum Dust\"}'}, Enchantments:[{id:\"minecraft:vanishing_curse\", lvl:1}], 'quark:RuneAttached':1, 'quark:RuneColor':{Count:1, id:\"quark:orange_rune\"}}",
          "count": 1
        },
        "payment_item": {
          "item": "minecraft:glowstone_dust",
          "count": 1
        },
        "price_multiplier": 0.0,
        "max_trades": 7,
        "experience": 80
      },
      {
        "type": "goblintraders:basic",
        "offer_item": {
          "item": "minecraft:brick",
          "nbt": "{display:{Name:'{\"text\":\"§6Awakened Drakonioum Ingot\"}'}, Enchantments:[{id:\"minecraft:vanishing_curse\", lvl:1}], 'quark:RuneAttached':1, 'quark:RuneColor':{Count:1, id:\"quark:orange_rune\"}}",
          "count": 1
        },
        "payment_item": {
          "item": "minecraft:gold_ingot",
          "count": 1
        },
        "price_multiplier": 0.0,
        "max_trades": 7,
        "experience": 80
      },
      {
        "type": "goblintraders:basic",
        "offer_item": {
          "item": "minecraft:nether_star",
          "nbt": "{display:{Name:'{\"text\":\"§6Awakened Drakonioum Kore\"}'}, Enchantments:[{id:\"minecraft:vanishing_curse\", lvl:1}], 'quark:RuneAttached':1, 'quark:RuneColor':{Count:1, id:\"quark:orange_rune\"}}",
          "count": 1
        },
        "payment_item": {
          "item": "minecraft:nether_star",
          "count": 1
        },
        "secondary_payment_item": {
          "item": "minecraft:diamond",
          "count": 4
        },
        "price_multiplier": 0.0,
        "max_trades": 7,
        "experience": 80
      },
      {
        "type": "goblintraders:basic",
        "offer_item": {
          "item": "minecraft:cooked_beef",
          "nbt": "{display:{Name:'{\"text\":\"§6Drakonik Auto Feed Module\"}'}, Enchantments:[{id:\"minecraft:vanishing_curse\", lvl:1}], 'quark:RuneAttached':1, 'quark:RuneColor':{Count:1, id:\"quark:orange_rune\"}}",
          "count": 1
        },
        "payment_item": {
          "item": "minecraft:cooked_beef",
          "count": 64
        },
        "price_multiplier": 0.0,
        "max_trades": 1,
        "experience": 120
      },
      {
        "type": "goblintraders:basic",
        "offer_item": {
          "item": "minecraft:elytra",
          "nbt": "{display:{Name:'{\"text\":\"§6Drakonik Flight Module\"}'}, Enchantments:[{id:\"minecraft:binding_curse\", lvl:1},{id:\"minecraft:unbreaking\", lvl:2}], 'quark:RuneAttached':1, 'quark:RuneColor':{Count:1, id:\"quark:orange_rune\"}}",
          "count": 1
        },
        "payment_item": {
          "item": "minecraft:elytra",
          "count": 1
        },
        "price_multiplier": 0.0,
        "max_trades": 1,
        "experience": 120
      },
      {
        "type": "goblintraders:basic",
        "offer_item": {
          "item": "minecraft:blaze_rod",
          "nbt": "{display:{Name:'{\"text\":\"§6Drakonik Staff of Powah\"}'}, Enchantments:[{id:\"minecraft:vanishing_curse\", lvl:1},{id:\"minecraft:sharpness\", lvl:3}], 'quark:RuneAttached':1, 'quark:RuneColor':{Count:1, id:\"quark:orange_rune\"}}",
          "count": 1
        },
        "payment_item": {
          "item": "minecraft:blaze_rod",
          "count": 32
        },
        "price_multiplier": 0.0,
        "max_trades": 1,
        "experience": 120
      },
	  {
	  	"type": "goblintraders:basic",
        "offer_item": {
          "item": "rainbow:superblock",
          "count": 1
        },
        "payment_item": {
          "item": "minecraft:emerald_block",
          "count": 4
        },
        "price_multiplier": 0.0,
        "max_trades": 3,
        "experience": 160
	  }
    ]
  }