{
    "trades": [
      {
        "type": "goblintraders:basic",
        "offer_item": {
          "item": "minecraft:nether_star",
          "nbt": "{display:{Name:'{\"text\":\"§fKhaotic Drakonioum Kore\"}'}, Enchantments:[{id:\"minecraft:vanishing_curse\", lvl:1}], 'quark:RuneAttached':1, 'quark:RuneColor':{Count:1, id:\"quark:white_rune\"}}",
          "count": 1
        },
        "payment_item": {
          "item": "minecraft:nether_star",
          "count": 4
        },
        "price_multiplier": 0.0,
        "max_trades": 3,
        "experience": 160
      },
      {
        "type": "goblintraders:basic",
        "offer_item": {
          "item": "minecraft:dragon_head",
          "nbt": "{display:{Name:'{\"text\":\"§eMob Soul\"}'}, Enchantments:[{id:\"minecraft:vanishing_curse\", lvl:1},{id:\"minecraft:binding_curse\", lvl:1}], 'quark:RuneAttached':1, 'quark:RuneColor':{Count:1, id:\"quark:purple_rune\"}}",
          "count": 1
        },
        "payment_item": {
          "item": "minecraft:dragon_head",
          "count": 1
        },
        "price_multiplier": 0.0,
        "max_trades": 1,
        "experience": 240
      },
      {
        "type": "goblintraders:basic",
        "offer_item": {
          "item": "minecraft:elytra",
          "nbt": "{display:{Name:'{\"text\":\"§fKhaotik Flight Module\"}'}, Enchantments:[{id:\"minecraft:binding_curse\", lvl:1},{id:\"minecraft:unbreaking\", lvl:3}], 'quark:RuneAttached':1, 'quark:RuneColor':{Count:1, id:\"quark:white_rune\"}}",
          "count": 1
        },
        "payment_item": {
          "item": "minecraft:elytra",
          "count": 1
        },
        "price_multiplier": 0.0,
        "max_trades": 1,
        "experience": 240
      },
      {
        "type": "goblintraders:basic",
        "offer_item": {
          "item": "minecraft:stick",
          "nbt": "{display:{Name:'{\"text\":\"§4Khaotik Staff of Powah\"}'}, Enchantments:[{id:\"minecraft:vanishing_curse\", lvl:1},{id:\"minecraft:sharpness\", lvl:5}], 'quark:RuneAttached':1, 'quark:RuneColor':{Count:1, id:\"quark:red_rune\"}}",
          "count": 1
        },
        "payment_item": {
          "item": "minecraft:blaze_rod",
          "count": 64
        },
        "price_multiplier": 0.0,
        "max_trades": 1,
        "experience": 240
      },
      {
        "type": "goblintraders:basic",
        "offer_item": {
          "item": "minecraft:heart_of_the_sea",
          "nbt": "{display:{Name:'{\"text\":\"§4Drakonik Reaktor Kore\"}'}, Enchantments:[{id:\"minecraft:vanishing_curse\", lvl:1}], 'quark:RuneAttached':1, 'quark:RuneColor':{Count:1, id:\"quark:red_rune\"}}",
          "count": 1
        },
        "payment_item": {
          "item": "minecraft:heart_of_the_sea",
          "count": 1
        },
        "secondary_payment_item": {
            "item": "minecraft:nether_star",
            "count": 4
        },
        "price_multiplier": 0.0,
        "max_trades": 1,
        "experience": 240
      },
	  {
	  	    "type": "goblintraders:basic",
        "offer_item": {
          "item": "rainbow:superblock",
          "count": 1
        },
        "payment_item": {
          "item": "minecraft:emerald_block",
          "count": 4
        },
        "price_multiplier": 0.0,
        "max_trades": 3,
        "experience": 160
	  }
    ]
  }