{
    "trades": [
      {
        "type": "goblintraders:basic",
        "offer_item": {
          "item": "minecraft:emerald",
          "nbt": "{display:{Name:'{\"text\":\"§5Wyveern Energy Relay Krystal\"}'}, Enchantments:[{id:\"minecraft:vanishing_curse\", lvl:1}], 'quark:RuneAttached':1, 'quark:RuneColor':{Count:1, id:\"quark:purple_rune\"}}",
          "count": 1
        },
        "payment_item": {
          "item": "minecraft:potato",
          "count": 1
        },
        "price_multiplier": 0.0,
        "max_trades": 12,
        "experience": 40
      },
      {
        "type": "goblintraders:basic",
        "offer_item": {
          "item": "minecraft:nether_star",
          "nbt": "{display:{Name:'{\"text\":\"§5Wyveern Kore\"}'}, Enchantments:[{id:\"minecraft:vanishing_curse\", lvl:1}], 'quark:RuneAttached':1, 'quark:RuneColor':{Count:1, id:\"quark:purple_rune\"}}",
          "count": 1
        },
        "payment_item": {
          "item": "minecraft:nether_star",
          "count": 1
        },
        "price_multiplier": 0.0,
        "max_trades": 15,
        "experience": 40
      },
      {
        "type": "goblintraders:basic",
        "offer_item": {
          "item": "minecraft:cooked_beef",
          "nbt": "{display:{Name:'{\"text\":\"§5Wyveern Auto Feed Module\"}'}, Enchantments:[{id:\"minecraft:vanishing_curse\", lvl:1}], 'quark:RuneAttached':1, 'quark:RuneColor':{Count:1, id:\"quark:purple_rune\"}}",
          "count": 1
        },
        "payment_item": {
          "item": "minecraft:cooked_beef",
          "count": 32
        },
        "price_multiplier": 0.0,
        "max_trades": 1,
        "experience": 60
      },
      {
        "type": "goblintraders:basic",
        "offer_item": {
          "item": "minecraft:elytra",
          "nbt": "{display:{Name:'{\"text\":\"§5Wyveern Flight Module\"}'}, Enchantments:[{id:\"minecraft:binding_curse\", lvl:1},{id:\"minecraft:unbreaking\", lvl:1}], 'quark:RuneAttached':1, 'quark:RuneColor':{Count:1, id:\"quark:purple_rune\"}}",
          "count": 1
        },
        "payment_item": {
          "item": "minecraft:elytra",
          "count": 1
        },
        "price_multiplier": 0.0,
        "max_trades": 1,
        "experience": 120
      },
	  {
	  	    "type": "goblintraders:basic",
        "offer_item": {
          "item": "rainbow:superblock",
          "count": 1
        },
        "payment_item": {
          "item": "minecraft:emerald_block",
          "count": 4
        },
        "price_multiplier": 0.0,
        "max_trades": 3,
        "experience": 160
	  }
    ]
  }