{
  "trades": [
    {
      "type": "goblintraders:basic",
      "offer_item": {
        "item": "minecraft:emerald",
        "nbt": "{display:{Name:'{\"text\":\"§1Basik Energy Relay Krystal\"}'}, Enchantments:[{id:\"minecraft:vanishing_curse\", lvl:1}], 'quark:RuneAttached':1, 'quark:RuneColor':{Count:1, id:\"quark:blue_rune\"}}",
        "count": 1
      },
      "payment_item": {
        "item": "minecraft:poisonous_potato",
        "count": 1
      },
      "price_multiplier": 0.0,
      "max_trades": 24,
      "experience": 20
    },
    {
      "type": "goblintraders:basic",
      "offer_item": {
        "item": "minecraft:diamond",
        "nbt": "{display:{Name:'{\"text\":\"§1Drakonioum Kore\"}'}, Enchantments:[{id:\"minecraft:vanishing_curse\", lvl:1}], 'quark:RuneAttached':1, 'quark:RuneColor':{Count:1, id:\"quark:blue_rune\"}}",
        "count": 1
      },
      "payment_item": {
        "item": "minecraft:diamond",
        "count": 2
      },
      "price_multiplier": 0.0,
      "max_trades": 30,
      "experience": 20
    },
    {
      "type": "goblintraders:basic",
      "offer_item": {
        "item": "minecraft:cooked_beef",
        "nbt": "{display:{Name:'{\"text\":\"§1Auto Feed Module\"}'}, Enchantments:[{id:\"minecraft:vanishing_curse\", lvl:1}], 'quark:RuneAttached':1, 'quark:RuneColor':{Count:1, id:\"quark:blue_rune\"}}",
        "count": 1
      },
      "payment_item": {
        "item": "minecraft:cooked_beef",
        "count": 16
      },
      "price_multiplier": 0.0,
      "max_trades": 1,
      "experience": 30
    },
    {
      "type": "goblintraders:basic",
      "offer_item": {
        "item": "minecraft:heart_of_the_sea",
        "nbt": "{display:{Name:'{\"text\":\"§6Dragoon Heart\"}'}, Enchantments:[{id:\"minecraft:vanishing_curse\", lvl:1}], 'quark:RuneAttached':1, 'quark:RuneColor':{Count:1, id:\"quark:orange_rune\"}}",
        "count": 1
      },
      "payment_item": {
        "item": "minecraft:heart_of_the_sea",
        "count": 1
      },
      "price_multiplier": 0.0,
      "max_trades": 15,
      "experience": 30
    },
    {
      "type": "goblintraders:basic",
      "offer_item": {
        "item": "minecraft:chorus_fruit",
        "nbt": "{display:{Name:'{\"text\":\"§dDislokator\"}'}, Enchantments:[{id:\"minecraft:vanishing_curse\", lvl:1}], 'quark:RuneAttached':1, 'quark:RuneColor':{Count:1, id:\"quark:magenta_rune\"}}",
        "count": 1
      },
      "payment_item": {
        "item": "minecraft:chorus_fruit",
        "count": 1
      },
      "price_multiplier": 0.0,
      "max_trades": 15,
      "experience": 30
    },
	{
		    "type": "goblintraders:basic",
        "offer_item": {
          "item": "rainbow:superblock",
          "count": 1
        },
        "payment_item": {
          "item": "minecraft:emerald_block",
          "count": 4
        },
        "price_multiplier": 0.0,
        "max_trades": 3,
        "experience": 160
	}
  ]
}