{
	"format_version": "1.12.0",
	"minecraft:geometry": [
		{
			"description": {
				"identifier": "geometry.default",
				"texture_width": 128,
				"texture_height": 128,
				"visible_bounds_width": 5,
				"visible_bounds_height": 4.5,
				"visible_bounds_offset": [0, 1.75, 0]
			},
			"bones": [
				{
					"name": "RightArm",
					"pivot": [-3.1, 28.25, 0],
					"cubes": [
						{
							"origin": [-5.12941, 23.68296, -1.5],
							"size": [3.25, 6.2, 3.05],
							"uv": {
								"north": {"uv": [62, 31], "uv_size": [-3, 6]},
								"east": {"uv": [59, 31], "uv_size": [-3, 6]},
								"south": {"uv": [68, 31], "uv_size": [-3, 6]},
								"west": {"uv": [65, 31], "uv_size": [-3, 6]},
								"up": {"uv": [62, 28], "uv_size": [-3, 3]},
								"down": {"uv": [65, 31], "uv_size": [-3, -3]}
							}
						}
					]
				},
				{
					"name": "RightForeArm",
					"parent": "RightArm",
					"pivot": [-3.075, 23.05, 0.025],
					"cubes": [
						{"origin": [-5.10441, 22.56737, -1.19993], "size": [3.125, 2.1, 2.1], "pivot": [-3.475, 23.47586, 0.09158], "rotation": [-45, 0, 0], "uv": [64, 124]},
						{
							"origin": [-5.15441, 18.68296, -1.475],
							"size": [3.25, 5.05, 3.05],
							"uv": {
								"north": {"uv": [64, 49], "uv_size": [-3, 5]},
								"east": {"uv": [58, 49], "uv_size": [3, 5]},
								"south": {"uv": [97, 77], "uv_size": [3, 5]},
								"west": {"uv": [67, 49], "uv_size": [-3, 5]},
								"up": {"uv": [61, 46], "uv_size": [3, 3]},
								"down": {"uv": [64, 49], "uv_size": [3, -3]}
							}
						},
						{"origin": [-5.27941, 18.13296, -1.725], "size": [3.525, 2.225, 3.4], "uv": [58, 54]}
					]
				},
				{
					"name": "RightHand",
					"parent": "RightForeArm",
					"pivot": [-3.575, 17.575, 0.025],
					"cubes": [
						{"origin": [-4.90441, 18.04151, -1.61651], "size": [2.7, 2.1, 2], "pivot": [0.8, 18.2, -0.575], "rotation": [-45, 0, 0], "uv": [82, 44]},
						{"origin": [-4.95441, 16.68296, -1.475], "size": [3.05, 2, 3], "uv": [38, 75]}
					]
				},
				{
					"name": "RightHandLocator",
					"parent": "RightHand",
					"pivot": [-3.575, 16.575, 0.025]
				},
				{
					"name": "LeftArm",
					"pivot": [3.1, 28.25, 0],
					"cubes": [
						{"origin": [1.85725, 23.74703, -1.5], "size": [3.25, 6.2, 3.05], "uv": [56, 28]}
					]
				},
				{
					"name": "LeftForeArm",
					"parent": "LeftArm",
					"pivot": [3.075, 23.05, 0.025],
					"cubes": [
						{"origin": [1.85725, 22.33911, -2.08778], "size": [3.2, 2.1, 2.1], "pivot": [3.41975, 22.32203, 0.00052], "rotation": [-45, 0, 0], "uv": [64, 124]},
						{
							"origin": [1.83225, 18.79703, -1.475],
							"size": [3.25, 5.05, 3],
							"uv": {
								"north": {"uv": [61, 49], "uv_size": [3, 5]},
								"east": {"uv": [58, 49], "uv_size": [3, 5]},
								"south": {"uv": [100, 77], "uv_size": [-3, 5]},
								"west": {"uv": [64, 49], "uv_size": [3, 5]},
								"up": {"uv": [61, 46], "uv_size": [3, 3]},
								"down": {"uv": [64, 49], "uv_size": [3, -3]}
							}
						},
						{"origin": [1.68225, 18.19703, -1.725], "size": [3.525, 2.225, 3.4], "uv": [55, 59]}
					]
				},
				{
					"name": "LeftHand",
					"parent": "LeftForeArm",
					"pivot": [3.075, 17.575, 0.025],
					"cubes": [
						{"origin": [2.08225, 18.92253, 1.38612], "size": [2.45, 2.1, 2], "pivot": [3.41975, 22.32203, 0.00052], "rotation": [-45, 0, 0], "uv": [83, 20]},
						{"origin": [1.88225, 16.79703, -1.475], "size": [3.05, 2, 3], "uv": [76, 51]}
					]
				},
				{
					"name": "LeftHandLocator",
					"parent": "LeftHand",
					"pivot": [3.075, 16.575, 0.025]
				}
			]
		}
	]
}