{
    "type": "automobility:auto_mechanic_table",
    "category": "automobility:engines",
    "sortnum": 0,
    "ingredients": [
        {"tag": "minecraft:logs"},
        {"item": "minecraft:coal"},
        {"item": "minecraft:furnace"},
        {"tag": "minecraft:stone_crafting_materials"},
        {"tag": "minecraft:logs"},
		{"item": "rainbow:super_mechanism"}
    ],
    "result": {
        "item": "automobility:automobile_engine",
        "component": "automobility:stone"
    }
}